Customer Name,Cloud Account Name,Product Name,SKU Name,Term And Billing Cycle,Price book,Seller Cost (AUD),Customer Cost (AUD),Margin (AUD),Usage Quantity,Unit,Region,Seat Count,Availability ID,Azure Customer Country,Azure Customer ID,Billing Cycle,Billing Frequency,Charge EndDate,Charge StartDate,Charge Type,Charge or Savings Plan,Currency Conversion Rates,Customer Company,Customer Company Reseller,Customer Cost (Invoiced Currency),Customer Cost (Provider Currency),Customer Country,Customer ID,Customer State,Discount Rate,Domain Name,Effective Unit Price,Entitlement Description,EntitlementID,Group Tag ID,Group Tag Label,Invoice Currency,Invoice Number,MPN ID,MSRP (AUD),Margin (Invoiced Currency),Margin (Provider Currency),Meter Category,Meter ID,Meter Name,Meter Sub Category,Metered Region,Order Date,Order Number,PAC of Origin,Period Quantity,Price book ID,Product ID,Promotion EndDate,Promotion Rate,Promotion StartDate,PromotionID,Provider Currency,Publisher ID,Publisher Name,Rate,Reseller ID,Reseller MPN ID,Reseller Name,Reservation Order ID,Resource Group,Resource URI,SKU ID,Savings Plan ID,Savings Plan Order ID,Segment,Seller Cost (Invoiced Currency),Invoiced Currency,Seller Cost (Provider Currency),Provider Currency,Subscription EndDate,Subscription ID,Subscription StartDate,Type,Unit Price,Usage Type,Billing Account Number (customer),Billing Account Status (customer),Company ABN (customer),Contact Id (customer),Customer ACN (customer),FA Id (customer),optusCustomerId (customer)
MSFT Test (MSFT Test),f50425f1-cf87-40d6-c7dc-2fc6d2264cf7,Microsoft 365 Business Standard,Microsoft 365 Business Standard,One-Month commitment for monthly billing,,154.7,193.448275862069,38.7482758621,8.620689,,,10,CFQ7TTC0WRZ7,,,One-Month commitment for monthly billing,,2024-03-25,2024-03-01,addQuantity,,AUD 1 -> USD 0.692099 (Rate at end of invoice month (2022-06-27)),MSFT Test,MSFT Test,133.885358275862,193.448275862069,AU,10450,NSW,0,,15.47,,,10001,QA_ORGANISATION,USD,,737234,0,26.8176429758835,38.7482758621,,,,,,2024-03-01,eab6280a0b6c,c1ec4627-cfc9-446a-9a48-cd763cf72320,0.86206895,0,CFQ7TTC0LDPB,,0,,,AUD,,Microsoft Corporation,15.47,0,,,f50425f1-cf87-40d6-c7dc-2fc6d2264cf7,,,1,,,,107.0677153,USD,154.7,AUD,2024-03-25,f50425f1-cf87-40d6-c7dc-2fc6d2264cf7,2024-02-26,billing,0,Licensed,4243535353,CANCELLED,ABN351668,35753,ACN539673,42575087,123456
MSFT Test (MSFT Test),f50425f1-cf87-40d6-c7dc-2fc6d2264cf7,Microsoft 365 Business Standard,Microsoft 365 Business Standard,One-Month commitment for monthly billing,,-15.47,-19.3448275862069,-3.8748275862,-0.86206895,,,1,CFQ7TTC0WRZ7,,,One-Month commitment for monthly billing,,2024-03-25,2024-03-01,addQuantity,,AUD 1 -> USD 0.692099 (Rate at end of invoice month (2022-06-27)),MSFT Test,MSFT Test,-13.3885358275862,-19.3448275862069,AU,10450,NSW,0,,-15.47,,,10001,QA_ORGANISATION,USD,,737234,0,-2.68176429758143,-3.8748275862,,,,,,2024-03-01,eab6280a0b6c,c1ec4627-cfc9-446a-9a48-cd763cf72320,-0.86206895,0,CFQ7TTC0LDPB,,0,,,AUD,,Microsoft Corporation,-15.47,0,,,f50425f1-cf87-40d6-c7dc-2fc6d2264cf7,,,1,,,,-10.70677153,USD,-15.47,AUD,2024-03-25,f50425f1-cf87-40d6-c7dc-2fc6d2264cf7,2024-02-26,billing,0,Licensed,4243535353,CANCELLED,ABN351668,35753,ACN539673,42575087,123456
QA Org test Account (Ayisha),147d1a11-e71d-4328-ca05-411f8747691d,Microsoft 365 E5,Microsoft 365 E5,One-Month commitment for monthly billing,,81.89,102.36,20.47,1,,,1,CFQ7TTC0MVNT,,,One-Month commitment for monthly billing,,2024-04-05,2024-03-06,convert,,AUD 1 -> USD 0.692099 (Rate at end of invoice month (2022-06-27)),QA Org test Account,QA Org test Account,70.84325364,102.36,AU,10490,NSW,0,,81.89,,,10001,QA_ORGANISATION,USD,,737234,0,14.16726653,20.47,,,,,,2024-03-06,c353791d361b,c1ec4627-cfc9-446a-9a48-cd763cf72320,1,0,CFQ7TTC0LFLZ,,0,,,AUD,,Microsoft Corporation,81.89,0,,,147d1a11-e71d-4328-ca05-411f8747691d,,,2,,,,56.67598711,USD,81.89,AUD,2024-04-05,147d1a11-e71d-4328-ca05-411f8747691d,2024-03-06,billing,0,Licensed,9900,OPEN,ABM37926,862347,ACN64674,951095447,12345
TRAILER,3,,,,,,,,,,,,,,,,,,,,,,,,,,,,,,,,,,,,,,,,,,,,,,,,,,,,,,,,,,,,,,,,,,,,,,,,,,,,,,,,,,,,,,,
